Date,Time,Platform,Post Type,Caption,Canva Link
06/01/2026,08:30 AM,LinkedIn,Infografía — 7 Tendencias,"📊 7 tendencias que están definiendo el supply chain en 2026

El comercio internacional no para. Y las empresas que entienden hacia dónde va el mercado son las que crecen.

1️⃣ Nearshoring en LatAm — Bolivia tiene una oportunidad histórica
2️⃣ IA en forecasting y planificación logística
3️⃣ Congestión portuaria — la planificación anticipada es clave
4️⃣ E-commerce asiático expandiéndose a Latinoamérica
5️⃣ Sostenibilidad como diferenciador competitivo
6️⃣ Visibilidad en tiempo real — nueva expectativa del mercado
7️⃣ Diversificación de proveedores más allá de China

¿Cuál de estas tendencias impacta más a tu industria?

#SupplyChain #Logística #Tendencias2026 #Bolivia #ComercioInternacional #Logicargo #GlobalTrade",https://www.canva.com/d/6cfxVr-rxQe9PuZ
06/01/2026,07:00 PM,Instagram,Imagen — Nearshoring LatAm,"Latinoamérica: el nuevo hub global. 🌎

El mundo está moviendo su producción más cerca. Bolivia tiene una oportunidad única en esta transformación.

En Logicargo Group te posicionamos para aprovecharla. 💼

¿Tu empresa está lista para el nearshoring?

#Logicargo #Nearshoring #LatAm #Bolivia #ComercioInternacional #SupplyChain #GlobalTrade #LogísticaBolivia",https://www.canva.com/d/9YFO9ZjyVgJytFr
06/02/2026,12:00 PM,Facebook,Post Educativo — Importar China,"¿Quieres importar desde China pero no sabes por dónde empezar? 🇨🇳

Aquí el proceso completo:

1️⃣ Identifica y negocia con tu proveedor
2️⃣ Coordina el transporte (FCL, LCL o aéreo)
3️⃣ Gestiona los documentos (factura, BL, packing list)
4️⃣ Tránsito internacional (~40 días marítimo)
5️⃣ Despacho aduanero en Bolivia
6️⃣ Entrega final en tu bodega

En Logicargo Group gestionamos cada paso. Tú te enfocas en tu negocio.

📩 Escríbenos para tu primera consulta.

#Logicargo #ImportarDesdeChina #LogísticaBolivia #ComercioInternacional #ProcesoImportación",https://www.canva.com/d/9V3oHOsB8tAVL-B
06/02/2026,06:00 PM,Instagram,Imagen — Flete Aéreo,"Cuando el tiempo es dinero, el flete aéreo es la respuesta. ✈️

Entrega en 3 a 7 días desde cualquier punto del mundo.

Logicargo Group — velocidad sin comprometer la calidad. 🌍

📩 Cotiza tu envío urgente hoy.

#Logicargo #FleteAéreo #AirFreight #LogísticaUrgente #ImportaciónUrgente #Bolivia #ComercioInternacional",https://www.canva.com/d/QDHfNlvYZKEzpVI
06/03/2026,09:00 AM,LinkedIn,Infografía — Incoterms,"📋 Guía de Incoterms 2026 — Lo que todo importador boliviano debe saber

Elegir mal el Incoterm puede costarte mucho. Elegirlo bien es una ventaja competitiva.

📦 EXW — Ex Works: Máximo control desde fábrica del proveedor
📦 FOB — Free on Board: El más usado en importaciones desde China
📦 CIF — Cost Insurance & Freight: Proveedor paga flete y seguro hasta puerto destino
📦 DDP — Delivered Duty Paid: Entrega en tu puerta todo incluido

¿Cuál usas en tus operaciones?

En Logicargo Group te asesoramos en cada operación.

#Incoterms #ComercioInternacional #ImportaciónBolivia #LogísticaBolivia #SupplyChain #Logicargo",https://www.canva.com/d/65Ub5DbKmGLmSQi
06/03/2026,01:00 PM,Facebook,Post Tendencia — Digital Supply Chain,"La cadena de suministro se digitaliza. ¿Está tu empresa lista? 💻

En 2026 las empresas que ganan tienen visibilidad en tiempo real sobre su carga.

✅ Tracking digital de envíos
✅ Documentación 100% digital
✅ IA en planificación y forecasting
✅ Comunicación instantánea con agentes globales

En Logicargo Group adoptamos las mejores herramientas para que siempre sepas dónde está tu carga.

📩 ¿Quieres modernizar tu logística? Hablemos.

#Logicargo #DigitalSupplyChain #LogísticaDigital #Bolivia #ComercioInternacional #Tecnología",https://www.canva.com/d/DVYJe9O3CaUr4Zu
06/04/2026,07:00 PM,Instagram,Imagen — Equipo BTS,"Detrás de cada envío, hay un equipo. 💼

Responsabilidad. Dedicación. Resultados.

8 años. 3,200+ operaciones. La misma pasión desde el primer día.

Gracias por confiar en Logicargo Group. 🌍

#LogicargoGroup #Equipo #BTS #Logística #Bolivia #Valores #Responsabilidad #Dedicación",https://www.canva.com/d/Y6qcdN2QFxMSILm
06/05/2026,08:30 AM,LinkedIn,Post — Día Medio Ambiente,"🌍 Hoy es el Día Mundial del Medio Ambiente.

En logística la sostenibilidad ya no es opcional — es ventaja competitiva.

En 2026 los mercados internacionales exigen trazabilidad ambiental en la cadena de suministro.

✅ Certificaciones de origen responsable
✅ Optimización de rutas para reducir emisiones
✅ Consolidación LCL — menos viajes menos huella de carbono
✅ Preferencia por proveedores con certificaciones ambientales

¿Tu empresa ya considera la sostenibilidad en su cadena de suministro?

#DíaMundialDelMedioAmbiente #SostenibilidadLogística #GreenLogistics #SupplyChain #Bolivia #Logicargo",https://www.canva.com/d/jYUI4XPenZDAGz1
06/05/2026,12:30 PM,Facebook,Post — Día Medio Ambiente,"🌿 Día Mundial del Medio Ambiente — 5 de junio

En Logicargo Group entendemos que mover el mundo tiene una responsabilidad.

La consolidación LCL reduce viajes innecesarios.
La planificación logística evita urgencias con alto impacto ambiental.
La eficiencia en aduana reduce tiempos y energía desperdiciada.

Una logística inteligente también es una logística sostenible. 🌍

#DíaMedioAmbiente #LogísticaSostenible #GreenLogistics #Logicargo #Bolivia #SupplyChain",https://www.canva.com/d/jYUI4XPenZDAGz1
06/06/2026,10:00 AM,Instagram,Imagen — Bolivia Exporta,"Bolivia está creciendo en el comercio global. 📈

🔸 Exportaciones: +1.56% en 2026
🔸 Oro: +554% de crecimiento
🔸 Socios clave: China 🇨🇳 · EAU 🇦🇪 · Japón 🇯🇵

El mundo quiere lo que Bolivia produce. ¿Tu empresa está aprovechando esto?

Logicargo Group — el puente entre Bolivia y el comercio global. 🌍

#Bolivia #ComercioInternacional #Exportaciones #Logicargo #GlobalTrade #LogísticaBolivia",https://www.canva.com/d/SZKFKXnSXPxZ8YL
06/09/2026,08:30 AM,LinkedIn,Post — Asia Beyond China,"🌏 Asia no es solo China.

Japón Taiwán y Corea del Sur lideran manufactura de precisión tecnología y electrónica de alta gama.

🇯🇵 Japón: maquinaria componentes electrónicos vehículos
🇹🇼 Taiwán: semiconductores equipos tecnológicos
🇰🇷 Corea del Sur: electrónica cosméticos acero

En Logicargo Group tenemos agentes y red de contactos en toda Asia.

¿Tu empresa ya importa desde Japón o Corea del Sur?

#Asia #Japón #CoreadelSur #Taiwan #ImportaciónAsia #LogísticaGlobal #Logicargo #SupplyChain",
06/09/2026,07:00 PM,Instagram,Imagen — China Bolivia Ruta,"Shanghai → Bolivia. ~40 días. Nosotros lo hacemos posible. 🚢

Somos tu conexión directa con los puertos clave de China:
📍 Shanghai · Guangzhou · Tianjin

+8 años coordinando operaciones desde Asia. 💼

📩 ¿Tienes un proveedor en China? Hablemos.

#Logicargo #China #Shanghai #ImportaciónChina #LogísticaBolivia #FCL #LCL #ComercioInternacional",https://www.canva.com/d/QKhexDWg10hfwcA
06/10/2026,12:00 PM,Facebook,Post Datos — Bolivia Trade,"📊 Bolivia en el comercio global — datos que debes conocer en 2026:

🔸 Exportaciones: $1213 millones (feb 2026) — crecimiento sostenido
🔸 Oro no monetario: +554% YoY — boom exportador
🔸 Principales destinos: China 🇨🇳 Emiratos Árabes 🇦🇪 Japón 🇯🇵
🔸 Saldo comercial positivo: $429.52 millones

El comercio exterior boliviano crece. Las empresas que entienden estos datos se posicionan mejor.

¿Tu empresa está exportando o planea hacerlo?

Logicargo Group — tu socio para el comercio internacional. 📩

#Bolivia #ComercioExterior #Exportaciones #Logicargo #LogísticaBolivia #DatosComerciales",https://www.canva.com/d/jdcjoNNaPthKAaD
06/10/2026,06:00 PM,Instagram,Carrusel — Documentos Importación,"¿Qué documentos necesitas para importar? 📋

Checklist esencial:
✅ Factura comercial
✅ Packing list
✅ Bill of Lading (BL)
✅ Certificado de origen
✅ Declaración aduanera

Un error en documentación = demoras y multas costosas.

En Logicargo Group gestionamos toda la documentación por ti. 🏛️

#Logicargo #DocumentaciónLogística #Aduana #ImportaciónBolivia #LogísticaBolivia #ComercioInternacional",
06/11/2026,09:00 AM,LinkedIn,Post Educativo — Aduana Bolivia,"🏛️ La aduana boliviana: lo que todo importador debe entender

El despacho aduanero es el paso más crítico y más subestimado de cualquier importación.

📋 Los documentos se presentan antes de que llegue la carga
🔍 La inspección puede ser física o documental
💰 Los impuestos (arancel + IVA) se calculan sobre valor CIF
⏱️ El proceso puede tomar 3 a 7 días hábiles

En Logicargo Group somos despachantes autorizados a nivel nacional. Tu tranquilidad está cubierta.

#DespachoAduanero #Aduana #ImportaciónBolivia #LogísticaBolivia #Logicargo #ComercioInternacional",
06/11/2026,01:00 PM,Facebook,Post Servicio — LCL Consolidación,"¿Sabías que puedes importar sin llenar un contenedor completo? 📦

Con LCL de Logicargo Group:

✅ Pagas solo por el espacio que usas
✅ Sin mínimo de volumen
✅ Mismo nivel de gestión y seguimiento
✅ Ideal para PyMEs y primeras importaciones

¡Tu primera importación puede ser hoy!
📩 Escríbenos para una cotización sin compromiso.

#Logicargo #LCL #CargaConsolidada #ImportaciónBolivia #PyMEs #LogísticaBolivia #ComercioInternacional",
06/12/2026,07:00 PM,Instagram,Imagen — Flete Marítimo Premium,"El océano conecta Bolivia con el mundo. 🌊

FCL · LCL · Desde y hacia los principales puertos globales.

Shanghai 🇨🇳 · Hamburg 🇩🇪 · Los Angeles 🇺🇸 · Rotterdam 🇳🇱

Logicargo Group — precisión logística alcance global. 🚢

📩 Cotiza tu próximo envío marítimo.

#Logicargo #FleteMarítimo #FCL #LCL #MaritimeFreight #ComercioInternacional #LogísticaBolivia",
06/13/2026,08:30 AM,LinkedIn,Post — Empresas que crecen importando,"💡 ¿Qué hace diferente a las empresas bolivianas que crecen importando?

He visto un patrón claro en 8 años:

Las que crecen...
✅ Planifican con 60+ días de anticipación
✅ No eligen proveedor solo por precio
✅ Entienden los Incoterms de cada operación
✅ Tienen un socio logístico no solo un transportista
✅ Calculan el costo total (no solo el flete)

Las que se estancan...
❌ Improvizan tiempos y costos
❌ Trabajan con el más barato sin verificar calidad
❌ Ven la logística como un gasto no como una inversión

¿En cuál grupo está tu empresa?

#LogísticaEstratégica #ImportaciónBolivia #SupplyChain #Logicargo #CrecimientoEmpresarial #Bolivia",
06/13/2026,06:30 PM,Facebook,Post Engagement — Origen Importación,"💬 Pregunta de la semana:

¿Desde qué país importa o quiere importar tu empresa?

A) 🇨🇳 China
B) 🇺🇸 Estados Unidos
C) 🇩🇪 Alemania / Europa
D) 🇰🇷 Asia (Japón Corea Taiwán)
E) Otro país (¡comenta cuál! 👇)

¡Respondé en los comentarios! Así podemos orientarte mejor con rutas y tiempos.

#Logicargo #ImportaciónBolivia #LogísticaBolivia #ComercioInternacional #Bolivia",
06/14/2026,10:00 AM,Instagram,Imagen — Agro Export,"Bolivia produce. El mundo demanda. 🌱

Soja minerales productos agroindustriales — hay mercados esperando por lo que producimos.

Logicargo Group gestiona la exportación de principio a fin:
✅ Coordinación en origen
✅ Documentación y aduana
✅ Conexión con compradores internacionales

¿Tu empresa produce algo que el mundo necesita? 📩

#Logicargo #Exportación #AgroBolivia #Soya #ExportaciónBolivia #ComercioInternacional #GlobalTrade",
06/16/2026,08:30 AM,LinkedIn,Post — Posicionamiento Premium,"Logicargo Group no es una empresa de transporte. Es una empresa de soluciones.

Un transportista te cotiza un flete.
Un socio logístico:

🔹 Analiza tu cadena de suministro completa
🔹 Te dice cuándo cómo y por qué medio mover tu carga
🔹 Anticipa problemas antes de que ocurran
🔹 Te conecta con proveedores confiables
🔹 Resuelve los pagos internacionales cuando todo lo demás falla

+3200 envíos completados.
+50 empresas bolivianas creciendo.

Eso es lo que construimos en 8 años.

#Logicargo #LogísticaEstratégica #SupplyChain #Bolivia #ComercioInternacional #SocioLogístico",
06/16/2026,07:00 PM,Instagram,Imagen — Métricas Empresa,"8 años. 3200+ envíos. 50+ clientes. 15+ países. 🌍

Los números que nos definen — pero las historias de nuestros clientes son lo que realmente importa.

Logicargo Group — donde la logística se convierte en crecimiento.

#LogicargoGroup #Logística #Bolivia #ComercioInternacional #SupplyChain #Resultados #Confianza",
06/17/2026,12:00 PM,Facebook,Post Educativo — Tiempos Tránsito,"📊 ¿Cuánto tarda tu importación en llegar?

🚢 China → Bolivia: ~40 días (marítimo)
✈️ China → Bolivia: 5-7 días (aéreo)
🚢 EE.UU. → Bolivia: ~25-30 días
🚢 Europa → Bolivia: ~30-35 días
✈️ Europa → Bolivia: 3-5 días (aéreo)

+ Despacho aduanero en Bolivia: 3-7 días adicionales

⚠️ Planifica con al menos 60 días de anticipación para importaciones marítimas.

📩 ¿Necesitas planificar tu próxima operación? Logicargo Group te ayuda.

#Logicargo #TiemposDeTránsito #ImportaciónBolivia #LogísticaBolivia #PlaneaciónLogística",
06/17/2026,06:00 PM,Instagram,Imagen — Pagos Internacionales,"¿El pago internacional es tu mayor obstáculo? 💳

No estás solo. Es uno de los mayores desafíos del comercio boliviano.

En Logicargo Group ofrecemos soluciones de pago internacional para que puedas:

✅ Pagar proveedores en China EE.UU. y Europa
✅ Superar las restricciones cambiarias
✅ No perder oportunidades por barreras financieras

📩 Escríbenos y te contamos cómo.

#Logicargo #PagosInternacionales #ImportaciónBolivia #FinanzasInternacionales #Bolivia #ComercioGlobal",
06/18/2026,09:00 AM,LinkedIn,Post — E-commerce Asia LatAm,"📦 El e-commerce asiático está llegando a Latinoamérica. ¿Qué significa para Bolivia?

Plataformas como Temu Shein y AliExpress expanden su logística hacia LatAm.

⚠️ La amenaza: Más competencia para importadores bolivianos al por menor.
✅ La oportunidad: Mayor demanda logística local para distribución aduanas y última milla.

Para empresas bolivianas que importan B2B desde Asia: el momento de profesionalizar tu cadena de suministro es ahora.

¿Tu empresa está preparada?

#EcommerceLatAm #SupplyChain #Bolivia #ComercioInternacional #Logicargo #AsiaLatAm #LogísticaEstratégica",
06/18/2026,01:00 PM,Facebook,Post Servicio — End-to-End,"¿Por qué elegir Logicargo Group? 🌍

Porque no solo movemos tu carga — la gestionamos de principio a fin:

📍 Coordinación con tu proveedor en origen
📦 Verificación de mercancía antes del embarque
🚢✈️ Transporte internacional (marítimo o aéreo)
📋 Documentación completa
🏛️ Despacho aduanero autorizado en Bolivia
🚛 Entrega en tu depósito

Una sola empresa. Todo el proceso.

📩 Escríbenos hoy — primera consulta sin costo.

#Logicargo #LogísticaIntegral #SupplyChain #ImportaciónBolivia #ComercioInternacional #GestiónLogística",
06/19/2026,07:00 PM,Instagram,Imagen — Red Europa,"Europa al alcance de Bolivia. 🌍

🇩🇪 Alemania · 🇪🇸 España · 🇮🇹 Italia · 🇳🇱 Países Bajos · 🇬🇧 Reino Unido · 🇹🇷 Turquía

Maquinaria tecnología insumos premium — importa desde Europa con Logicargo.

📩 ¿Tienes un proveedor europeo? Hablemos.

#Logicargo #Europa #ImportaciónEuropa #LogísticaBolivia #ComercioInternacional #GlobalTrade",
06/20/2026,08:30 AM,LinkedIn,Post Educativo — LCL para empezar,"💡 Para empresas que empiezan a importar: el LCL es tu mejor aliado.

No necesitas un contenedor completo para importar. Con la carga consolidada:

✅ Pagas solo por el espacio que tu mercancía ocupa
✅ Accedes a proveedores internacionales sin grandes volúmenes
✅ Reduces el riesgo de tu primera importación
✅ Mismo proceso misma gestión menor inversión

Muchas empresas bolivianas que hoy llenan contenedores FCL empezaron con LCL.

¿Tu empresa está lista para dar el primer paso?

#LCL #CargaConsolidada #ImportaciónBolivia #PrimerosPasos #Logicargo #SupplyChain #ComercioInternacional",
06/20/2026,06:00 PM,Facebook,Post Engagement — Planificación,"⚡ DATO DE LA SEMANA:

Las empresas que planifican sus importaciones con 60+ días de anticipación ahorran en promedio un 15-25% en costos logísticos.

¿Con cuánto tiempo de anticipación planifica tu empresa sus importaciones? 👇

A) Más de 60 días
B) 30-60 días
C) Menos de 30 días
D) Sin planificación fija

¡Comenta! Y si quieres optimizar tu logística escríbenos. 📩

#Logicargo #PlanificaciónLogística #ImportaciónBolivia #LogísticaInteligente #SupplyChain",
06/21/2026,10:00 AM,Instagram,Imagen — FCL vs LCL Visual,"FCL o LCL — ¿cuál es el tuyo? 📦

🔷 FCL: Tu contenedor. Tu carga. Control total.
🔷 LCL: Pagas solo lo que usas. Perfecto para empezar.

Logicargo Group te asesora para elegir la opción más eficiente.

¿Cuántos contenedores mueve tu empresa por año? 👇

#Logicargo #FCL #LCL #ContenedorMarítimo #ImportaciónBolivia #LogísticaBolivia #ComercioInternacional",https://www.canva.com/d/QreEqAuqkogYdSb
06/23/2026,08:30 AM,LinkedIn,Post — Nearshoring Oportunidad Bolivia,"🏭 El nearshoring está redibujando el mapa logístico de Latinoamérica.

EE.UU. mueve producción más cerca. Bolivia tiene una oportunidad real.

¿Qué sectores tienen más oportunidad?

🌱 Agroindustria: exportación a mercados con nuevas cadenas regionales
⚙️ Manufactura: proveedores de componentes para cadenas nearshore
🏗️ Construcción: demanda creciente por infraestructura

Las empresas que se posicionen ahora con logística eficiente serán las grandes ganadoras.

¿Está tu empresa evaluando oportunidades de nearshoring?

#Nearshoring #LatAm #Bolivia #SupplyChain #ComercioInternacional #Logicargo #LogísticaEstratégica",
06/23/2026,07:00 PM,Instagram,Imagen — Flete Aéreo Urgente,"Urgente. Valioso. Sin esperas. ✈️

Para la carga que no puede esperar 40 días — flete aéreo con Logicargo Group.

Repuestos · Electrónica · Muestras · Textiles

📩 Cotiza tu envío aéreo hoy.

#Logicargo #FleteAéreo #AirFreight #UrgentShipping #ImportaciónUrgente #LogísticaBolivia",
06/24/2026,12:00 PM,Facebook,Post Educativo — FCL vs LCL Técnico,"¿FCL o LCL para tu próxima importación? 🚢

Elige FCL si:
✅ Tu carga llena o supera 15 CBM
✅ Necesitas mayor velocidad sin esperar consolidación
✅ Tu mercancía es frágil o requiere manejo especial

Elige LCL si:
✅ Tu carga es menor a 15 CBM
✅ Buscas reducir costos de envío
✅ Estás probando un nuevo proveedor o producto

En Logicargo Group analizamos tu carga y recomendamos la opción más eficiente.

📩 Consúltanos sin compromiso.

#Logicargo #FCL #LCL #ImportaciónBolivia #LogísticaBolivia #ComercioInternacional #ConsejosLogísticos",
06/24/2026,06:00 PM,Instagram,Imagen — Valores Empresa,"Lo que hacemos no es solo mover carga. 📦

Es hacer que los sueños empresariales bolivianos lleguen al otro lado del mundo.

Responsabilidad · Dedicación · Resultados

8 años. Y seguimos creciendo juntos. 🌍

#LogicargoGroup #Valores #Bolivia #Logística #ComercioInternacional #CrecimientoEmpresarial",
06/25/2026,09:00 AM,LinkedIn,Post — Mid-Year Review CTA,"🌍 Primer semestre 2026: ¿Cómo va la logística de tu empresa?

Preguntas clave para este mid-year review:

1️⃣ ¿Tus costos logísticos están optimizados?
2️⃣ ¿Tienes proveedores alternativos en caso de disrupciones?
3️⃣ ¿Estás planificando con suficiente anticipación?
4️⃣ ¿Tu documentación aduanera está en orden?
5️⃣ ¿Estás aprovechando todas las oportunidades de importación?

En Logicargo Group ofrecemos consultoría logística para que el segundo semestre sea más eficiente y rentable.

📩 Agenda una reunión de revisión estratégica — sin costo.

#MidYearReview #LogísticaEstratégica #SupplyChain #Bolivia #Logicargo #ImportaciónBolivia #ComercioInternacional",
06/25/2026,01:00 PM,Facebook,Post — Mid-Year Consultoría,"¿Tu logística está lista para el segundo semestre? 📊

En Logicargo Group te ayudamos a:

✅ Revisar costos logísticos actuales
✅ Identificar oportunidades de mejora
✅ Planificar importaciones del segundo semestre
✅ Optimizar rutas y modalidades de transporte

📩 Conversemos — primera consulta sin costo.

#Logicargo #MidYear2026 #LogísticaBolivia #ImportaciónBolivia #SupplyChain #OptimizaciónLogística",
06/26/2026,07:00 PM,Instagram,Imagen — Colombia Ruta,"Bolivia-Colombia: comercio regional en expansión. 🌎

Logicargo Group opera con agentes en Colombia conectando Bolivia con uno de los mercados más dinámicos de Sudamérica.

Importaciones · Exportaciones · Carga consolidada

¿Tu empresa tiene operaciones hacia o desde Colombia?

#Logicargo #Colombia #ComercioRegional #LogísticaSudAmérica #Bolivia #ComercioInternacional #LatAm",
06/27/2026,08:30 AM,LinkedIn,Post — Cierre Posicionamiento Final,"Hay dos tipos de empresas en Bolivia:

Las que ven el comercio internacional como algo complicado.
Y las que lo usan como su ventaja competitiva.

La diferencia no está en el tamaño. Está en quién las acompaña.

En Logicargo Group llevamos 8 años siendo ese acompañamiento.

✅ +3200 operaciones exitosas
✅ +50 clientes que eligieron crecer
✅ Red en 15+ países

¿Tu empresa está lista para ser la siguiente historia de éxito?

📩 Escríbenos — empecemos a construirla juntos.

#Logicargo #LogísticaEstratégica #Bolivia #ComercioInternacional #CrecimientoEmpresarial #SupplyChain",
06/27/2026,06:30 PM,Facebook,Post CTA — Contacto Final,"🌍 ¿Listo para conectar tu empresa con el mundo?

En Logicargo Group ofrecemos:

📦 Flete marítimo FCL y LCL
✈️ Flete aéreo internacional
🏛️ Despacho aduanero autorizado
💳 Soluciones de pago internacional
🔄 Gestión end-to-end

Desde Bolivia llegamos a cualquier parte del mundo.

📩 Escríbenos hoy y recibe una cotización personalizada.

#LogicargoGroup #Logística #Bolivia #ComercioInternacional #ImportaciónBolivia #ExportaciónBolivia #SupplyChain",
06/28/2026,10:00 AM,Instagram,Imagen — Cierre Junio,"Junio cierra. Julio empieza. La logística no para. 🌍

Gracias a cada cliente que confió en Logicargo Group este mes.

Cada envío es una historia de crecimiento — y nosotros somos parte de ella.

¿Qué importación o exportación está planeando tu empresa para el tercer trimestre?

#LogicargoGroup #Logística #Bolivia #ComercioInternacional #Q3 #Crecimiento #SupplyChain",
